{
  "employees": [
    {
      "firstName": "Raja",
      "lastName": "Lakshmi",
      "email": "rajii@gmail.com",
      "mobile": 6380063800,
      "address": "ABC Street, Magical Nagar, Chennai",
      "zipcode": 600127,
      "bloodgroup": "O+",
      "dateofbirth": "2000-11-23",
      "gender": "Female",
      "maritalstatus": "No",
      "id": 1
    },
    {
      "firstName": "Sathya",
      "lastName": "Surya",
      "email": "sathya@gmail.com",
      "mobile": 6374863748,
      "address": "Magical Steert, Sweet city",
      "zipcode": 600123,
      "bloodgroup": "O+",
      "dateofbirth": "2002-05-18",
      "gender": "Male",
      "maritalstatus": "No",
      "id": 3
    },
    {
      "firstName": "Hari",
      "lastName": "Haran",
      "email": "haran@gmail.com",
      "mobile": 8012512580,
      "address": "Big Street, Chennai",
      "zipcode": 600048,
      "bloodgroup": "",
      "dateofbirth": "1968-10-15",
      "gender": "Male",
      "maritalstatus": "A+",
      "id": 4
    },
    {
      "firstName": "Kasthuri",
      "lastName": "Haran",
      "email": "kasthuri@gmail.com",
      "mobile": 9841798418,
      "address": "Sample Street, Sara Nagar",
      "zipcode": 600123,
      "bloodgroup": "O+",
      "dateofbirth": "1977-01-04",
      "gender": "Female",
      "maritalstatus": "Yes",
      "id": 5
    },
    {
      "firstName": "Pranavi",
      "lastName": "Ramya",
      "email": "pranavi@gmail.com",
      "mobile": 9807898078,
      "address": "Demo Street, Dada City",
      "zipcode": 600124,
      "bloodgroup": "B+",
      "dateofbirth": "2020-07-11",
      "gender": "Female",
      "maritalstatus": "No",
      "id": 6
    }
  ]
}